{
    "R1": 10,
    "R2": 8,
    "N": 1.6913829998016316,
    "D": 0.10090970618727611,
    "M1": 0.28925423746713846,
    "M2": 0.24782589679102374
}