seq_len,val_loss
9,0.029456232984860737
5,0.030493146429459255
7,0.041607377429803215
